

INSERT INTO RAW_CUSTOMERS VALUES

('CUST001','Marie','Tremblay','marie.tremblay@gmail.com','514-555-0101','QC','H2X 1Y4','1985-03-12','Premium','2022-01-15','12500.00'),
('CUST002','Jean','Bouchard','jean.bouchard@outlook.com','418-555-0202','QC','G1R 2B3','1979-07-22','Standard','2022-02-10','4300.00'),
('CUST003','Emily','Chen','emily.chen@hotmail.com','604-555-0303','BC','V6B 2W9','1990-11-05','Premium','2022-03-01','18700.00'),
('CUST004','David','Singh','david.singh@gmail.com','780-555-0404','AB','T2P 3C4','1983-05-30','Standard','2022-03-15','6200.00'),
('CUST005','Sophie','Lavoie','sophie.lavoie@gmail.com','514-555-0505','QC','H3A 1B1','1992-08-19','VIP','2022-04-01','32000.00'),
('CUST006','Michael','Brown','michael.brown@gmail.com','416-555-0606','ON','M5V 2T6','1975-12-01','Standard','2022-04-12','5100.00'),
('CUST007','Aisha','Nkomo','aisha.nkomo@yahoo.com','613-555-0707','ON','K1P 5G4','1988-02-14','Premium','2022-05-01','14200.00'),
('CUST008','Lucas','Fortin','lucas.fortin@gmail.com','418-555-0808','QC','G3A 1C2','1995-06-28','Standard','2022-05-20','3800.00'),
('CUST009','Priya','Patel','priya.patel@gmail.com','905-555-0909','ON','L4B 3N6','1987-09-15','Premium','2022-06-01','11600.00'),
('CUST010','Nathan','Williams','n.williams@outlook.com','204-555-1010','MB','R3C 1A4','1980-04-22','Standard','2022-06-18','4700.00'),
('CUST011','Chloe','Gagnon','chloe.gagnon@gmail.com','450-555-1111','QC','J4B 5K2','1993-10-07','Standard','2022-07-01','3200.00'),
('CUST012','Omar','Hassan','omar.hassan@gmail.com','403-555-1212','AB','T2R 0B7','1984-01-30','VIP','2022-07-15','28500.00'),
('CUST013','Jessica','Taylor','jessica.taylor@yahoo.com','519-555-1313','ON','N2G 4L2','1991-03-25','Standard','2022-08-01','4100.00'),
('CUST014','Ethan','Martin','ethan.martin@gmail.com','514-555-1414','QC','H4C 2R5','1978-11-18','Premium','2022-08-20','16800.00'),
('CUST015','Fatima','Al-Rashid','fatima.rashid@gmail.com','780-555-1515','AB','T5J 2R7','1986-07-04','Standard','2022-09-01','5600.00'),
('CUST016','Ryan','MacDonald','ryan.macdonald@gmail.com','902-555-1616','NS','B3J 2M9','1989-02-11','Standard','2022-09-15','3900.00'),
('CUST017','Mei','Zhang','mei.zhang@hotmail.com','604-555-1717','BC','V5K 1A1','1994-05-20','Premium','2022-10-01','13400.00'),
('CUST018','Samuel','Okafor','samuel.okafor@gmail.com','416-555-1818','ON','M4W 1A1','1982-08-09','VIP','2022-10-18','41200.00'),
('CUST019','Isabelle','Roy','isabelle.roy@gmail.com','418-555-1919','QC','G2B 3T5','1990-12-31','Standard','2022-11-01','4500.00'),
('CUST020','Tyler','Anderson','tyler.anderson@gmail.com','306-555-2020','SK','S7K 3J6','1985-04-17','Standard','2022-11-20','5300.00'),


('CUST001','Marie','Tremblay','marie.tremblay@gmail.com','514-555-0101','QC','H2X 1Y4','1985-03-12','Premium','2022-01-15','12500.00'),


('CUST021',NULL,NULL,'unknown.user@gmail.com','416-555-2121','ON','M5A 1A1','1988-06-14','Standard','2022-12-01','3100.00'),
('CUST022','','','noemail@domain.com','613-555-2222','ON','K2P 1L4','1992-03-08','Standard','2022-12-15','2800.00'),


('CUST023','Brian','Murphy','brianmurphy_INVALID','902-555-2323','NB','E3B 5H1','1983-09-22','Standard','2023-01-05','4000.00'),
('CUST024','Sandra','Park','sandra.park@','647-555-2424','ON','M6G 2V4','1990-01-17','Standard','2023-01-20','3500.00'),
('CUST025','Tom','Leclerc','not-an-email','514-555-2525','QC','H1Y 1A1','1987-11-05','Premium','2023-02-01','12000.00'),


('CUST026','Amy','Wilson','amy.wilson@gmail.com','PHONE-MISSING','ON','M2N 6L2','1985-06-30','Standard','2023-02-15','4200.00'),
('CUST027','Carlos','Reyes','carlos.reyes@gmail.com','0000000000','BC','V7Y 1G5','1991-04-12','Standard','2023-03-01','3700.00'),
('CUST028','Diana','Scott','diana.scott@yahoo.com','12345','AB','T6G 2R3','1988-07-24','Standard','2023-03-15','4800.00'),


('CUST029','Eve','Turner','eve.turner@gmail.com','306-555-2929','SK','S4P 3Y2','2035-01-01','Standard','2023-04-01','3300.00'),
('CUST030','Frank','Lewis','frank.lewis@gmail.com','204-555-3030','MB','R2C 2Z2','2028-06-15','Standard','2023-04-15','2900.00'),


('CUST031','Grace','Walker','grace.walker@gmail.com','416-555-3131','ON','M3H 5T8','1986-02-28','Standard','2023-05-01','-500.00'),
('CUST032','Henry','Hall','henry.hall@gmail.com','514-555-3232','QC','H2L 2Y2','1979-10-14','Premium','2023-05-15','-1200.00'),


('CUST033','Irene','Allen','irene.allen@gmail.com','604-555-3333','BC','V6E 2V6','1993-08-05','Standard','2023-06-01','N/A'),
('CUST034','Jake','Young','jake.young@gmail.com','403-555-3434','AB','T2E 6K3','1984-12-19','Standard','2023-06-15','TBD'),


('CUST035','Karen','Hernandez','karen.hernandez@gmail.com','416-555-3535','XX','M5B 2K3','1990-05-08','Standard','2023-07-01','3600.00'),
('CUST036','Leo','King','leo.king@gmail.com','613-555-3636','ZZ','K1A 0A9','1987-03-21','Standard','2023-07-15','4100.00'),


('CUST037','Mona','Wright','mona.wright@gmail.com','519-555-3737','ON','N1R 5Y3','1992-09-16','Standard','2023-08-01','3800.00'),
('CUST038','Nick','Lopez','nick.lopez@gmail.com','905-555-3838','ON','L5B 2T4','1985-01-29','Premium','2023-08-15','14700.00'),
('CUST039','Olivia','Hill','olivia.hill@yahoo.com','204-555-3939','MB','R3E 0W4','1988-04-03','Standard','2023-09-01','4300.00'),
('CUST040','Paul','Green','paul.green@gmail.com','780-555-4040','AB','T6B 2H5','1976-07-11','VIP','2023-09-15','35600.00'),
('CUST041','Quinn','Adams','quinn.adams@gmail.com','902-555-4141','NS','B2N 3T4','1993-11-27','Standard','2023-10-01','2900.00'),
('CUST042','Rachel','Baker','rachel.baker@gmail.com','416-555-4242','ON','M9A 4X6','1989-02-07','Premium','2023-10-15','12300.00'),
('CUST043','Steve','Carter','steve.carter@hotmail.com','514-555-4343','QC','H3B 4G7','1981-06-19','Standard','2023-11-01','5800.00'),
('CUST044','Tina','Mitchell','tina.mitchell@gmail.com','604-555-4444','BC','V5Z 3X4','1994-08-24','Standard','2023-11-15','3400.00'),
('CUST045','Uma','Perez','uma.perez@gmail.com','403-555-4545','AB','T3A 5N3','1987-12-02','Standard','2023-12-01','4900.00'),
('CUST046','Victor','Roberts','victor.roberts@gmail.com','613-555-4646','ON','K2B 7Z5','1983-03-14','Premium','2023-12-15','13100.00'),
('CUST047','Wendy','Turner','wendy.turner@gmail.com','306-555-4747','SK','S7H 0N6','1991-05-29','Standard','2024-01-05','3700.00'),
('CUST048','Xander','Phillips','xander.phillips@gmail.com','204-555-4848','MB','R2H 0N4','1986-10-08','Standard','2024-01-20','4200.00'),
('CUST049','Yara','Campbell','yara.campbell@gmail.com','416-555-4949','ON','M6H 3Z3','1990-01-23','Standard','2024-02-01','3100.00'),
('CUST050','Zoe','Evans','zoe.evans@gmail.com','514-555-5050','QC','H2S 1Y6','1984-04-07','Premium','2024-02-15','11800.00'),
('CUST051','Aaron','Stewart','aaron.stewart@gmail.com','780-555-5151','AB','T2N 1N4','1979-08-15','VIP','2024-03-01','29400.00'),
('CUST052','Bella','Sanchez','bella.sanchez@gmail.com','604-555-5252','BC','V6H 3R8','1993-06-11','Standard','2024-03-15','3600.00'),
('CUST053','Connor','Morris','connor.morris@gmail.com','902-555-5353','NS','B3H 4R2','1988-09-26','Standard','2024-04-01','4700.00'),
('CUST054','Daisy','Rogers','daisy.rogers@yahoo.com','416-555-5454','ON','M4K 1M8','1995-02-18','Standard','2024-04-15','2800.00'),
('CUST055','Eli','Reed','eli.reed@gmail.com','613-555-5555','ON','K1Y 4E7','1982-11-03','Premium','2024-05-01','15200.00'),
('CUST056','Flora','Cook','flora.cook@gmail.com','514-555-5656','QC','H4V 2Y9','1990-07-30','Standard','2024-05-15','4100.00'),
('CUST057','George','Morgan','george.morgan@gmail.com','403-555-5757','AB','T4B 3P6','1985-03-08','Standard','2024-06-01','5400.00'),
('CUST058','Hannah','Bell','hannah.bell@gmail.com','905-555-5858','ON','L3R 2M4','1991-10-14','Premium','2024-06-15','13900.00'),
('CUST059','Ivan','Murphy','ivan.murphy@gmail.com','204-555-5959','MB','R3G 0N2','1987-05-22','Standard','2024-07-01','3900.00'),
('CUST060','Julia','Bailey','julia.bailey@gmail.com','306-555-6060','SK','S4S 6X3','1983-12-09','Standard','2024-07-15','4600.00'),


('CUST010','Nathan','Williams','n.williams@outlook.com','204-555-1010','MB','R3C 1A4','1980-04-22','Standard','2022-06-18','4700.00'),


('CUST061','Mark','Cooper',NULL,'416-555-6161','ON','M6K 2L5','1989-11-17','Standard','2024-08-01','3300.00'),
('CUST062','Nina','Richardson','nina.r@gmail.com',NULL,'BC','V7T 1A5','1992-04-05','Standard','2024-08-15','3000.00'),


('CUST063','Oscar','Cox','oscar.cox@gmail.com','514-555-6363','QC','H3K 1M7','1986-08-21','Premium','2024-09-01','12700.00'),
('CUST064','Petra','Howard','petra.howard@gmail.com','780-555-6464','AB','T5G 1H6','1991-01-16','Standard','2024-09-15','4800.00'),
('CUST065','Quincy','Ward','quincy.ward@gmail.com','604-555-6565','BC','V5N 2J7','1984-06-04','Standard','2024-10-01','5100.00'),
('CUST066','Rosa','Torres','rosa.torres@yahoo.com','403-555-6666','AB','T2V 2M4','1988-09-12','Standard','2024-10-15','4400.00'),
('CUST067','Sean','Peterson','sean.peterson@gmail.com','613-555-6767','ON','K1Z 7K4','1993-03-27','Standard','2024-11-01','3600.00'),
('CUST068','Tara','Gray','tara.gray@gmail.com','902-555-6868','NB','E1C 8N9','1980-07-03','Premium','2024-11-15','14500.00'),
('CUST069','Ugo','Ramirez','ugo.ramirez@gmail.com','416-555-6969','ON','M5T 1P7','1987-12-18','Standard','2024-12-01','5000.00'),
('CUST070','Vera','James','vera.james@gmail.com','514-555-7070','QC','H2W 2B5','1994-05-09','Standard','2024-12-15','3700.00'),
('CUST071','Will','Watson','will.watson@gmail.com','905-555-7171','ON','L4W 3M4','1982-02-24','VIP','2025-01-05','38900.00'),
('CUST072','Xena','Brooks','xena.brooks@gmail.com','204-555-7272','MB','R3T 2E3','1990-08-11','Standard','2025-01-20','4200.00'),
('CUST073','Yusuf','Kelly','yusuf.kelly@gmail.com','306-555-7373','SK','S6V 3H5','1985-10-06','Standard','2025-02-01','4700.00'),
('CUST074','Zara','Sanders','zara.sanders@gmail.com','780-555-7474','AB','T6V 1J8','1992-01-29','Standard','2025-02-15','3400.00'),
('CUST075','Alex','Price','alex.price@gmail.com','604-555-7575','BC','V5Y 3Y7','1988-07-15','Premium','2025-03-01','13600.00');






INSERT INTO RAW_PRODUCTS VALUES

('PROD001','Labatt Blue Lager 6pk','Beer','Lager','14.99','5.0','SUP_CA01','Y','2020-01-10'),
('PROD002','Molson Canadian 12pk','Beer','Lager','24.99','5.0','SUP_CA01','Y','2020-01-10'),
('PROD003','Coors Light 24pk','Beer','Light Lager','36.99','4.2','SUP_CA01','Y','2020-01-15'),
('PROD004','Heineken 6pk','Beer','Pilsner','16.99','5.0','SUP_EU01','Y','2020-02-01'),
('PROD005','Corona Extra 12pk','Beer','Light Lager','28.99','4.6','SUP_MX01','Y','2020-02-15'),
('PROD006','Steam Whistle Pilsner 6pk','Beer','Pilsner','15.49','5.0','SUP_CA02','Y','2020-03-01'),
('PROD007','Mill Street Organic 6pk','Beer','Ale','15.99','4.2','SUP_CA02','Y','2020-03-15'),
('PROD008','Beau''s All Natural Lug Tread','Beer','Lagered Ale','17.49','5.2','SUP_CA03','Y','2020-04-01'),
('PROD009','Granville Island Kitsilano Maple Cream Ale','Beer','Ale','16.99','5.0','SUP_CA04','Y','2020-04-15'),
('PROD010','Sleeman Honey Brown Lager 6pk','Beer','Lager','14.49','5.2','SUP_CA01','Y','2020-05-01'),
('PROD011','Jack Daniels Tennessee Whiskey 750ml','Spirits','Whiskey','44.99','40.0','SUP_US01','Y','2020-05-15'),
('PROD012','Crown Royal Canadian Whisky 750ml','Spirits','Whiskey','42.99','40.0','SUP_CA05','Y','2020-06-01'),
('PROD013','Grey Goose Vodka 750ml','Spirits','Vodka','62.99','40.0','SUP_EU02','Y','2020-06-15'),
('PROD014','Absolut Vodka 1L','Spirits','Vodka','49.99','40.0','SUP_EU03','Y','2020-07-01'),
('PROD015','Bacardi White Rum 750ml','Spirits','Rum','29.99','37.5','SUP_LA01','Y','2020-07-15'),
('PROD016','Captain Morgan Spiced Rum 750ml','Spirits','Rum','31.99','35.0','SUP_LA01','Y','2020-08-01'),
('PROD017','Jose Cuervo Gold Tequila 750ml','Spirits','Tequila','36.99','38.0','SUP_MX02','Y','2020-08-15'),
('PROD018','Patrón Silver Tequila 750ml','Spirits','Tequila','79.99','40.0','SUP_MX02','Y','2020-09-01'),
('PROD019','Bombay Sapphire Gin 750ml','Spirits','Gin','39.99','47.0','SUP_EU04','Y','2020-09-15'),
('PROD020','Tanqueray London Dry Gin 750ml','Spirits','Gin','36.99','47.3','SUP_EU04','Y','2020-10-01'),
('PROD021','Kim Crawford Sauvignon Blanc 750ml','Wine','White Wine','19.99','12.5','SUP_NZ01','Y','2020-10-15'),
('PROD022','Yellow Tail Chardonnay 750ml','Wine','White Wine','14.99','13.0','SUP_AU01','Y','2020-11-01'),
('PROD023','Santa Margherita Pinot Grigio 750ml','Wine','White Wine','24.99','12.0','SUP_EU05','Y','2020-11-15'),
('PROD024','Apothic Red Blend 750ml','Wine','Red Wine','17.99','13.5','SUP_US02','Y','2020-12-01'),
('PROD025','19 Crimes Red Blend 750ml','Wine','Red Wine','16.99','13.5','SUP_AU01','Y','2020-12-15'),
('PROD026','Meiomi Pinot Noir 750ml','Wine','Red Wine','22.99','13.5','SUP_US02','Y','2021-01-10'),
('PROD027','Woodbridge Cabernet Sauvignon 1.5L','Wine','Red Wine','18.99','13.5','SUP_US03','Y','2021-01-20'),
('PROD028','Peller Estates Cabernet Merlot 750ml','Wine','Red Wine','16.99','13.0','SUP_CA06','Y','2021-02-01'),
('PROD029','Henry of Pelham Baco Noir 750ml','Wine','Red Wine','19.99','12.5','SUP_CA06','Y','2021-02-15'),
('PROD030','Mission Hill Five Vineyards Pinot Noir','Wine','Red Wine','21.99','13.0','SUP_CA07','Y','2021-03-01'),


('PROD001','Labatt Blue Lager 6pk','Beer','Lager','14.99','5.0','SUP_CA01','Y','2020-01-10'),


('PROD031',NULL,'Beer','Lager','13.99','4.8','SUP_CA01','Y','2021-03-15'),
('PROD032','','Spirits','Vodka','45.99','40.0','SUP_EU01','Y','2021-04-01'),


('PROD033','Sample Spirit 750ml','Spirits','Whiskey','-5.00','40.0','SUP_US01','Y','2021-04-15'),
('PROD034','Promo Wine 750ml','Wine','Red Wine','0.00','12.5','SUP_AU01','Y','2021-05-01'),


('PROD035','Mystery Beer 6pk','Beer','Lager','15.99','150.0','SUP_CA01','Y','2021-05-15'),
('PROD036','Ghost Vodka 750ml','Spirits','Vodka','55.99','-2.0','SUP_EU03','Y','2021-06-01'),


('PROD037','Old Whiskey Stock 750ml','Spirits','Whiskey','38.99','40.0','SUP_US01','Maybe','2021-06-15'),
('PROD038','Clearance Wine 750ml','Wine','White Wine','12.99','11.5','SUP_NZ01','1','2021-07-01'),


('PROD039','Kombucha Brew 6pk','Soft Drink','NA','9.99','0.5','SUP_CA08','Y','2021-07-15'),
('PROD040','Energy Mix 6pk','UNKNOWN','NA','11.99','N/A','SUP_CA08','Y','2021-08-01'),


('PROD041','Somersby Apple Cider 6pk','Cider','Apple','14.99','4.5','SUP_EU06','Y','2021-08-15'),
('PROD042','Strongbow Gold Apple Cider 6pk','Cider','Apple','15.49','5.0','SUP_EU06','Y','2021-09-01'),
('PROD043','Palm Bay Raspberry Lemon 6pk','Cooler','RTD','12.99','7.0','SUP_CA09','Y','2021-09-15'),
('PROD044','Mike''s Hard Lemonade 6pk','Cooler','RTD','13.99','5.0','SUP_US04','Y','2021-10-01'),
('PROD045','White Claw Hard Seltzer Variety 12pk','Cooler','Hard Seltzer','24.99','5.0','SUP_US04','Y','2021-10-15'),
('PROD046','Truly Hard Seltzer 12pk','Cooler','Hard Seltzer','23.99','5.0','SUP_US05','Y','2021-11-01'),
('PROD047','Casamigos Blanco Tequila 750ml','Spirits','Tequila','89.99','40.0','SUP_MX02','Y','2021-11-15'),
('PROD048','Don Julio Blanco Tequila 750ml','Spirits','Tequila','84.99','40.0','SUP_MX02','Y','2021-12-01'),
('PROD049','Jameson Irish Whiskey 750ml','Spirits','Whiskey','41.99','40.0','SUP_EU07','Y','2021-12-15'),
('PROD050','Glenlivet 12yr Single Malt 750ml','Spirits','Single Malt Scotch','64.99','40.0','SUP_EU08','Y','2022-01-10');





INSERT INTO RAW_ORDERS VALUES

('ORD00001','CUST001','PROD011','2023-01-05','2','44.99','89.98','Online','QC','REP001','Completed'),
('ORD00002','CUST002','PROD001','2023-01-06','3','14.99','44.97','In-Store','QC','REP002','Completed'),
('ORD00003','CUST003','PROD021','2023-01-07','1','19.99','19.99','Online','BC','REP003','Completed'),
('ORD00004','CUST004','PROD015','2023-01-08','4','29.99','119.96','Online','AB','REP004','Completed'),
('ORD00005','CUST005','PROD018','2023-01-09','2','79.99','159.98','VIP Portal','QC','REP001','Completed'),
('ORD00006','CUST006','PROD003','2023-01-10','6','36.99','221.94','In-Store','ON','REP005','Completed'),
('ORD00007','CUST007','PROD013','2023-01-11','1','62.99','62.99','Online','ON','REP006','Completed'),
('ORD00008','CUST008','PROD002','2023-01-12','2','24.99','49.98','In-Store','QC','REP002','Completed'),
('ORD00009','CUST009','PROD022','2023-01-13','3','14.99','44.97','Online','ON','REP007','Completed'),
('ORD00010','CUST010','PROD041','2023-01-14','2','14.99','29.98','Online','MB','REP008','Completed'),
('ORD00011','CUST011','PROD004','2023-01-15','4','16.99','67.96','In-Store','QC','REP002','Completed'),
('ORD00012','CUST012','PROD047','2023-01-16','2','89.99','179.98','VIP Portal','AB','REP004','Completed'),
('ORD00013','CUST013','PROD044','2023-01-17','3','13.99','41.97','In-Store','ON','REP005','Completed'),
('ORD00014','CUST014','PROD012','2023-01-18','1','42.99','42.99','Online','QC','REP001','Completed'),
('ORD00015','CUST015','PROD016','2023-01-19','5','31.99','159.95','Online','AB','REP004','Completed'),
('ORD00016','CUST016','PROD006','2023-01-20','2','15.49','30.98','In-Store','NS','REP009','Completed'),
('ORD00017','CUST017','PROD023','2023-01-21','1','24.99','24.99','Online','BC','REP003','Completed'),
('ORD00018','CUST018','PROD048','2023-01-22','3','84.99','254.97','VIP Portal','ON','REP006','Completed'),
('ORD00019','CUST019','PROD009','2023-01-23','2','16.99','33.98','In-Store','QC','REP002','Completed'),
('ORD00020','CUST020','PROD043','2023-01-24','4','12.99','51.96','Online','SK','REP010','Completed'),
('ORD00021','CUST021','PROD005','2023-01-25','1','28.99','28.99','Online','ON','REP005','Completed'),
('ORD00022','CUST022','PROD026','2023-01-26','2','22.99','45.98','Online','ON','REP007','Completed'),
('ORD00023','CUST023','PROD014','2023-01-27','1','49.99','49.99','Online','NB','REP009','Completed'),
('ORD00024','CUST024','PROD042','2023-01-28','3','15.49','46.47','In-Store','ON','REP005','Completed'),
('ORD00025','CUST025','PROD019','2023-01-29','1','39.99','39.99','Online','QC','REP001','Completed'),
('ORD00026','CUST026','PROD029','2023-01-30','2','19.99','39.98','Online','ON','REP006','Completed'),
('ORD00027','CUST027','PROD045','2023-01-31','2','24.99','49.98','In-Store','BC','REP003','Completed'),
('ORD00028','CUST028','PROD017','2023-02-01','1','36.99','36.99','Online','AB','REP004','Completed'),
('ORD00029','CUST029','PROD007','2023-02-02','3','15.99','47.97','In-Store','SK','REP010','Completed'),
('ORD00030','CUST030','PROD049','2023-02-03','2','41.99','83.98','Online','MB','REP008','Completed'),


('ORD00031','CUST001','PROD011',NULL,'1','44.99','44.99','Online','QC','REP001','Completed'),
('ORD00032','CUST005','PROD018',NULL,'2','79.99','159.98','VIP Portal','QC','REP001','Pending'),


('ORD00033','CUST003','PROD021','2099-12-31','1','19.99','19.99','Online','BC','REP003','Pending'),
('ORD00034','CUST012','PROD047','2050-06-15','2','89.99','179.98','VIP Portal','AB','REP004','Pending'),


('ORD00035','CUST999','PROD011','2023-02-05','1','44.99','44.99','Online','ON','REP005','Completed'),
('ORD00036','CUST888','PROD001','2023-02-06','2','14.99','29.98','In-Store','BC','REP003','Completed'),


('ORD00037','CUST001','PROD999','2023-02-07','1','25.00','25.00','Online','QC','REP001','Completed'),
('ORD00038','CUST002','PROD777','2023-02-08','3','18.00','54.00','In-Store','QC','REP002','Completed'),


('ORD00039','CUST004','PROD015','2023-02-09','-2','29.99','-59.98','Online','AB','REP004','Completed'),
('ORD00040','CUST006','PROD003','2023-02-10','-1','36.99','-36.99','In-Store','ON','REP005','Completed'),


('ORD00041','CUST007','PROD013','2023-02-11','2','62.99','999.00','Online','ON','REP006','Completed'),
('ORD00042','CUST008','PROD002','2023-02-12','3','24.99','50.00','In-Store','QC','REP002','Completed'),
('ORD00043','CUST009','PROD022','2023-02-13','1','14.99','0.01','Online','ON','REP007','Completed'),


('ORD00044','CUST010','PROD041','2023-02-14','2','14.99','29.98','Online','MB','REP008','DONE'),
('ORD00045','CUST011','PROD004','2023-02-15','4','16.99','67.96','In-Store','QC','REP002','shipped'),
('ORD00046','CUST012','PROD047','2023-02-16','1','89.99','89.99','VIP Portal','AB','REP004','???'),


('ORD00047','CUST013','PROD044','2023-02-17','2','13.99','27.98','Walk-in','ON','REP005','Completed'),
('ORD00048','CUST014','PROD012','2023-02-18','1','42.99','42.99','Phone Call','QC','REP001','Completed'),


('ORD00049','CUST015','PROD016','2023-02-19','3','31.99','95.97','Online','AB','REP004','Completed'),
('ORD00050','CUST016','PROD006','2023-02-20','2','15.49','30.98','In-Store','NS','REP009','Completed'),
('ORD00051','CUST017','PROD023','2023-02-21','1','24.99','24.99','Online','BC','REP003','Completed'),
('ORD00052','CUST018','PROD048','2023-02-22','2','84.99','169.98','VIP Portal','ON','REP006','Completed'),
('ORD00053','CUST019','PROD009','2023-02-23','3','16.99','50.97','In-Store','QC','REP002','Completed'),
('ORD00054','CUST020','PROD043','2023-02-24','1','12.99','12.99','Online','SK','REP010','Completed'),
('ORD00055','CUST001','PROD019','2023-02-25','1','39.99','39.99','Online','QC','REP001','Completed'),
('ORD00056','CUST002','PROD029','2023-02-26','2','19.99','39.98','Online','QC','REP002','Completed'),
('ORD00057','CUST003','PROD045','2023-02-27','3','24.99','74.97','In-Store','BC','REP003','Completed'),
('ORD00058','CUST004','PROD017','2023-02-28','1','36.99','36.99','Online','AB','REP004','Completed'),
('ORD00059','CUST005','PROD007','2023-03-01','2','15.99','31.98','Online','QC','REP001','Completed'),
('ORD00060','CUST006','PROD049','2023-03-02','1','41.99','41.99','In-Store','ON','REP005','Completed'),
('ORD00061','CUST007','PROD011','2023-03-03','3','44.99','134.97','Online','ON','REP006','Completed'),
('ORD00062','CUST008','PROD021','2023-03-04','2','19.99','39.98','Online','QC','REP002','Completed'),
('ORD00063','CUST009','PROD015','2023-03-05','4','29.99','119.96','Online','ON','REP007','Completed'),
('ORD00064','CUST010','PROD018','2023-03-06','1','79.99','79.99','Online','MB','REP008','Completed'),
('ORD00065','CUST011','PROD003','2023-03-07','6','36.99','221.94','In-Store','QC','REP002','Completed'),
('ORD00066','CUST012','PROD013','2023-03-08','2','62.99','125.98','VIP Portal','AB','REP004','Completed'),
('ORD00067','CUST013','PROD002','2023-03-09','1','24.99','24.99','In-Store','ON','REP005','Completed'),
('ORD00068','CUST014','PROD022','2023-03-10','3','14.99','44.97','Online','QC','REP001','Completed'),
('ORD00069','CUST015','PROD041','2023-03-11','2','14.99','29.98','Online','AB','REP004','Completed'),
('ORD00070','CUST016','PROD004','2023-03-12','4','16.99','67.96','In-Store','NS','REP009','Completed'),
('ORD00071','CUST017','PROD047','2023-03-13','1','89.99','89.99','Online','BC','REP003','Completed'),
('ORD00072','CUST018','PROD044','2023-03-14','2','13.99','27.98','VIP Portal','ON','REP006','Completed'),
('ORD00073','CUST019','PROD012','2023-03-15','1','42.99','42.99','In-Store','QC','REP002','Completed'),
('ORD00074','CUST020','PROD016','2023-03-16','3','31.99','95.97','Online','SK','REP010','Completed'),
('ORD00075','CUST021','PROD006','2023-03-17','2','15.49','30.98','Online','ON','REP005','Completed'),
('ORD00076','CUST022','PROD023','2023-03-18','1','24.99','24.99','Online','ON','REP007','Completed'),
('ORD00077','CUST023','PROD048','2023-03-19','2','84.99','169.98','Online','NB','REP009','Completed'),
('ORD00078','CUST024','PROD009','2023-03-20','3','16.99','50.97','In-Store','ON','REP005','Completed'),
('ORD00079','CUST025','PROD043','2023-03-21','1','12.99','12.99','Online','QC','REP001','Completed'),
('ORD00080','CUST026','PROD005','2023-03-22','2','28.99','57.98','Online','ON','REP006','Completed'),
('ORD00081','CUST027','PROD026','2023-03-23','1','22.99','22.99','In-Store','BC','REP003','Completed'),
('ORD00082','CUST028','PROD014','2023-03-24','3','49.99','149.97','Online','AB','REP004','Completed'),
('ORD00083','CUST029','PROD042','2023-03-25','2','15.49','30.98','In-Store','SK','REP010','Completed'),
('ORD00084','CUST030','PROD019','2023-03-26','1','39.99','39.99','Online','MB','REP008','Completed'),
('ORD00085','CUST031','PROD029','2023-03-27','2','19.99','39.98','Online','ON','REP005','Completed'),
('ORD00086','CUST032','PROD045','2023-03-28','3','24.99','74.97','Online','QC','REP001','Completed'),
('ORD00087','CUST033','PROD017','2023-03-29','1','36.99','36.99','Online','BC','REP003','Completed'),
('ORD00088','CUST034','PROD007','2023-03-30','2','15.99','31.98','Online','AB','REP004','Completed'),
('ORD00089','CUST035','PROD049','2023-03-31','1','41.99','41.99','In-Store','ON','REP005','Completed'),
('ORD00090','CUST036','PROD011','2023-04-01','3','44.99','134.97','Online','ON','REP006','Completed'),
('ORD00091','CUST037','PROD021','2023-04-02','2','19.99','39.98','Online','ON','REP007','Completed'),
('ORD00092','CUST038','PROD015','2023-04-03','1','29.99','29.99','Online','ON','REP006','Completed'),
('ORD00093','CUST039','PROD018','2023-04-04','2','79.99','159.98','Online','MB','REP008','Completed'),
('ORD00094','CUST040','PROD003','2023-04-05','3','36.99','110.97','In-Store','AB','REP004','Completed'),
('ORD00095','CUST041','PROD013','2023-04-06','1','62.99','62.99','Online','NS','REP009','Completed'),
('ORD00096','CUST042','PROD002','2023-04-07','4','24.99','99.96','In-Store','ON','REP005','Completed'),
('ORD00097','CUST043','PROD022','2023-04-08','2','14.99','29.98','Online','QC','REP001','Completed'),
('ORD00098','CUST044','PROD041','2023-04-09','3','14.99','44.97','Online','BC','REP003','Completed'),
('ORD00099','CUST045','PROD004','2023-04-10','1','16.99','16.99','In-Store','AB','REP004','Completed'),
('ORD00100','CUST046','PROD047','2023-04-11','2','89.99','179.98','Online','ON','REP006','Completed');



select * from raw_customers;
select * from raw_orders;
select * from raw_products;


select CUSTOMER_ID, ANNUAL_SPEND_CAD FROM raw_customers
where try_to_number(ANNUAL_SPEND_CAD) is null;



TRY_CAST(ANNUAL_SPEND_CAD AS NUMBER(12,2)) < 0 or TRY_CAST(ANNUAL_SPEND_CAD AS NUMBER(12,2)) = 0
